Model,Sampler,Tuning Stage,Threshold,ROC-AUC,Accuracy,F1-Score(1),Precision(1),Recall(1),F1-Score(0),Precision(0),Recall(0),F2-Score(1)
Logistic Regression,Original,Baseline,0.35,0.8452580780528745,0.7714205972648619,0.6936026936026936,0.6293279022403259,0.7725,0.8177164478077009,0.8706161137440759,0.7708770457406631,0.7388809182209469
Logistic Regression,Original,Baseline,0.4,0.8452580780528745,0.7890036282444879,0.7007125890736342,0.667420814479638,0.7375,0.8370689655172414,0.8604342046964998,0.814939152328997,0.7223310479921645
Logistic Regression,Original,Baseline,0.45,0.8452580780528745,0.7968183086798772,0.6979253112033195,0.6950413223140496,0.7008333333333333,0.8469301934398654,0.8487147071217868,0.8451531682752833,0.699667221297837
Logistic Regression,Original,Baseline,0.5,0.8452580780528745,0.7948646385710298,0.6791793976429507,0.7131072410632447,0.6483333333333333,0.8492307692307692,0.8306581059390048,0.8686529584557281,0.6603293159056187
Logistic Regression,Original,Baseline,0.55,0.8452580780528745,0.7901200111638292,0.6575591985428051,0.7248995983935743,0.6016666666666667,0.848692152917505,0.8152299961345187,0.8850188837599664,0.6228433402346446
Logistic Regression,Original,Baseline,0.6,0.8452580780528745,0.7887245325146526,0.642080378250591,0.7420765027322405,0.5658333333333333,0.8501286873886359,0.8047226386806596,0.9009651699538397,0.5940507436570429
Logistic Regression,Original,Baseline,0.65,0.8452580780528745,0.7834217136477812,0.6096579476861167,0.7690355329949239,0.505,0.8501351873310158,0.7874776386404293,0.9236256819135543,0.5422333571939871
Logistic Regression,Original,Tuned,0.35,0.8454395719681075,0.7708624058051912,0.69331341053418,0.6283006093432634,0.7733333333333333,0.8171084874136779,0.8708452041785375,0.7696181284095678,0.7392066273697626
Logistic Regression,Original,Tuned,0.4,0.8454395719681075,0.7901200111638292,0.7022961203483769,0.6689291101055806,0.7391666666666666,0.8379310344827586,0.8613203367301728,0.8157784305497272,0.7239634345412994
Logistic Regression,Original,Tuned,0.45,0.8454395719681075,0.7970974044097126,0.6982150269821503,0.695616211745244,0.7008333333333333,0.8471725877653984,0.8487784330244313,0.8455728073856483,0.6997836578465635
Logistic Regression,Original,Tuned,0.5,0.8454395719681075,0.7948646385710298,0.6788990825688074,0.7134986225895317,0.6475,0.8492925979085504,0.8303929430633521,0.8690725975660931,0.6597045338767193
Logistic Regression,Original,Tuned,0.55,0.8454395719681075,0.7884454367848172,0.6551410373066424,0.7214428857715431,0.6,0.8474235104669887,0.8143133462282398,0.8833403273185061,0.6209037599172128
Logistic Regression,Original,Tuned,0.6,0.8454395719681075,0.7873290538654758,0.6388625592417062,0.7406593406593407,0.5616666666666666,0.8492879746835443,0.8032173587729143,0.9009651699538397,0.5901926444833625
Logistic Regression,Original,Tuned,0.65,0.8454395719681075,0.7817471392687692,0.6054490413723511,0.7672634271099744,0.5,0.8491512345679012,0.7857907890039272,0.9236256819135543,0.5374417771408098
LDA,Original,Baseline,0.35,0.8449290110504966,0.7789561819704158,0.7004538577912254,0.6412742382271468,0.7716666666666666,0.8248562582927909,0.8719027582982702,0.7826269408308855,0.7415118513773222
LDA,Original,Baseline,0.4,0.8449290110504966,0.7998883617080659,0.7114688128772636,0.6879377431906615,0.7366666666666667,0.8468276009399701,0.8624891209747607,0.8317247167436005,0.7263763352506163
LDA,Original,Baseline,0.45,0.8449290110504966,0.7998883617080659,0.698359276398822,0.7051826677994902,0.6916666666666667,0.8502818960116935,0.8462177888611804,0.8543852287033151,0.6943282583235737
LDA,Original,Baseline,0.5,0.8449290110504966,0.7965392129500418,0.6749888542131074,0.725790987535954,0.6308333333333334,0.8519195612431444,0.8255905511811024,0.8799832144355854,0.6477836727708369
LDA,Original,Baseline,0.55,0.8449290110504966,0.7903991068936645,0.6534379326257499,0.7321613236814891,0.59,0.8497699539907981,0.8119266055045872,0.8913134704154427,0.613837350442171
LDA,Original,Baseline,0.6,0.8449290110504966,0.7803516606195925,0.6218164344065353,0.7343927355278093,0.5391666666666667,0.8452310717797443,0.7953367875647669,0.9018044481745698,0.5694419996479493
LDA,Original,Baseline,0.65,0.8449290110504966,0.7764443204018978,0.6016907011437096,0.7459926017262639,0.5041666666666667,0.8446168768186227,0.7853535353535354,0.9135543432647922,0.5391195865264659
LDA,Original,Tuned,0.35,0.8447566093159883,0.7811889478090985,0.7028051554207733,0.6446453407510431,0.7725,0.8268551236749117,0.8727272727272727,0.7855644146034411,0.7430266110932991
LDA,Original,Tuned,0.4,0.8447566093159883,0.7996092659782306,0.7111826226870475,0.687402799377916,0.7366666666666667,0.8465811965811966,0.8624292555507184,0.8313050776332355,0.7262569832402235
LDA,Original,Tuned,0.45,0.8447566093159883,0.7976555958693832,0.6937051119560625,0.7035132819194516,0.6841666666666667,0.8489268597624505,0.8431291390728477,0.8548048678136803,0.6879503938327468
LDA,Original,Tuned,0.5,0.8447566093159883,0.7968183086798772,0.6755793226381461,0.7260536398467433,0.6316666666666667,0.8520926452661519,0.8259157148483655,0.8799832144355854,0.6485284052019165
LDA,Original,Tuned,0.55,0.8447566093159883,0.7903991068936645,0.6534379326257499,0.7321613236814891,0.59,0.8497699539907981,0.8119266055045872,0.8913134704154427,0.613837350442171
LDA,Original,Tuned,0.6,0.8447566093159883,0.7806307563494278,0.6221153846153846,0.7352272727272727,0.5391666666666667,0.8454581203303185,0.7954125046244913,0.902224087284935,0.5695422535211268
LDA,Original,Tuned,0.65,0.8447566093159883,0.7756070332123919,0.599601593625498,0.745049504950495,0.5016666666666667,0.8441256300891818,0.7845045045045045,0.9135543432647922,0.5367332382310984
Decision Tree,Original,Baseline,0.35,0.702960728773255,0.7102986324309238,0.6088922381311228,0.5557083906464925,0.6733333333333333,0.7699468085106383,0.8158759981211836,0.7289131347041544,0.6459865685960985
Decision Tree,Original,Baseline,0.4,0.702960728773255,0.7102986324309238,0.6088922381311228,0.5557083906464925,0.6733333333333333,0.7699468085106383,0.8158759981211836,0.7289131347041544,0.6459865685960985
Decision Tree,Original,Baseline,0.45,0.702960728773255,0.7102986324309238,0.6088922381311228,0.5557083906464925,0.6733333333333333,0.7699468085106383,0.8158759981211836,0.7289131347041544,0.6459865685960985
Decision Tree,Original,Baseline,0.5,0.702960728773255,0.7102986324309238,0.6088922381311228,0.5557083906464925,0.6733333333333333,0.7699468085106383,0.8158759981211836,0.7289131347041544,0.6459865685960985
Decision Tree,Original,Baseline,0.55,0.702960728773255,0.7125313982696064,0.6104387291981845,0.5588642659279779,0.6725,0.7722246793454224,0.8162692847124825,0.7326898866974402,0.6462203715566944
Decision Tree,Original,Baseline,0.6,0.702960728773255,0.7114150153502652,0.6083333333333333,0.5576388888888889,0.6691666666666667,0.7715422006186479,0.8147456836210919,0.7326898866974402,0.6434294871794872
Decision Tree,Original,Baseline,0.65,0.702960728773255,0.7122523025397711,0.6087286527514232,0.5588850174216028,0.6683333333333333,0.7724564113882145,0.8147113594040968,0.7343684431389006,0.6431435445068163
Decision Tree,Original,Tuned,0.35,0.8797903552944467,0.8018420318169132,0.7306525037936267,0.6706128133704735,0.8025,0.8432671081677704,0.8896134140661388,0.8015107007973143,0.7721295702373316
Decision Tree,Original,Tuned,0.4,0.8797903552944467,0.8297516048004465,0.7479338842975206,0.7418032786885246,0.7541666666666667,0.8714707121786768,0.8751586965721541,0.8678136802349979,0.7516611295681063
Decision Tree,Original,Tuned,0.45,0.8797903552944467,0.8342171364778119,0.7406113537117904,0.7779816513761468,0.7066666666666667,0.8781788351107465,0.8588046530284797,0.8984473352916492,0.7198641765704584
Decision Tree,Original,Tuned,0.5,0.8797903552944467,0.8353335193971533,0.7414548641542507,0.7818853974121996,0.705,0.8791973791973792,0.8584566173530588,0.9009651699538397,0.7191431485889154
Decision Tree,Original,Tuned,0.55,0.8797903552944467,0.8353335193971533,0.7414548641542507,0.7818853974121996,0.705,0.8791973791973792,0.8584566173530588,0.9009651699538397,0.7191431485889154
Decision Tree,Original,Tuned,0.6,0.8797903552944467,0.8353335193971533,0.7414548641542507,0.7818853974121996,0.705,0.8791973791973792,0.8584566173530588,0.9009651699538397,0.7191431485889154
Decision Tree,Original,Tuned,0.65,0.8797903552944467,0.8144013396595032,0.6902654867256637,0.7824709609292503,0.6175,0.8675034867503487,0.8258725341426404,0.9135543432647922,0.6446841830520271
Random Forest,Original,Baseline,0.35,0.8601418030493776,0.7348590566564331,0.6728650137741047,0.5733568075117371,0.8141666666666667,0.7770999530736743,0.8813198509845662,0.6949223667645824,0.7510762607626076
Random Forest,Original,Baseline,0.4,0.8601418030493776,0.7596985766117779,0.6790905702571748,0.6142953472690492,0.7591666666666667,0.8079411108632613,0.8623809523809524,0.7599664288711708,0.7249721470635047
Random Forest,Original,Baseline,0.45,0.8601418030493776,0.7895618197041585,0.6957223567393059,0.6744913928012519,0.7183333333333334,0.8391638225255973,0.8533622559652928,0.8254301300881242,0.709114840408029
Random Forest,Original,Baseline,0.5,0.8601418030493776,0.8107730951716439,0.7107508532423208,0.7281468531468531,0.6941666666666667,0.8593944421401908,0.8495284952849529,0.8694922366764583,0.7007065948855989
Random Forest,Original,Baseline,0.55,0.8601418030493776,0.8291934133407759,0.7213114754098361,0.7951807228915663,0.66,0.8768611670020121,0.8422883649014302,0.9143936214855225,0.6832298136645962
Random Forest,Original,Baseline,0.6,0.8601418030493776,0.8381244766955066,0.7235462345090562,0.8452115812917594,0.6325,0.8855564325177585,0.8357541899441341,0.941670163659253,0.666023166023166
Random Forest,Original,Baseline,0.65,0.8601418030493776,0.8300307005302819,0.6928895612708018,0.8773946360153256,0.5725,0.8825004823461315,0.8167857142857143,0.9597146454049518,0.615260612573885
Random Forest,Original,Tuned,0.35,0.8575006993985173,0.7482556516885291,0.6688693098384728,0.597769028871391,0.7591666666666667,0.7969383160738406,0.8596406022340942,0.7427612253462023,0.7202719797596457
Random Forest,Original,Tuned,0.4,0.8575006993985173,0.8093776165224672,0.7148225469728601,0.7163179916317992,0.7133333333333334,0.8568434290505135,0.8559463986599665,0.8577423415862359,0.7139282735613011
Random Forest,Original,Tuned,0.45,0.8575006993985173,0.8364499023164945,0.7360360360360361,0.8009803921568628,0.6808333333333333,0.881520420541852,0.8505657432696059,0.9148132605958875,0.7018900343642611
Random Forest,Original,Tuned,0.5,0.8575006993985173,0.8476137315099079,0.7429378531073446,0.8538961038961039,0.6575,0.8917096390321301,0.8454306130124106,0.9433487201007134,0.689203354297694
Random Forest,Original,Tuned,0.55,0.8575006993985173,0.8470555400502372,0.7337220602526725,0.87995337995338,0.6291666666666667,0.8927173061863743,0.8366972477064221,0.9567771716323962,0.6671968893601979
Random Forest,Original,Tuned,0.6,0.8575006993985173,0.8400781468043539,0.7113350125944584,0.8993630573248408,0.5883333333333334,0.8894035900405327,0.823445318084346,0.9668485102811583,0.6320501342882722
Random Forest,Original,Tuned,0.65,0.8575006993985173,0.8210996371755512,0.6577682861719167,0.9153046062407132,0.5133333333333333,0.8788966559607028,0.7993127147766323,0.9760805707091901,0.5627626530239357
AdaBoost,Original,Baseline,0.35,0.852507168834802,0.48925481440133967,0.5634541984732825,0.3947192513368984,0.9841666666666666,0.3846671149966375,0.9678510998307953,0.2400335711288292,0.7578285420944558
AdaBoost,Original,Baseline,0.4,0.852507168834802,0.6466648060284678,0.6278659611992945,0.48501362397820164,0.89,0.6636556854410202,0.9044170890658942,0.5241292488459924,0.7626392459297343
AdaBoost,Original,Baseline,0.45,0.852507168834802,0.7574658107730952,0.6895319757056092,0.6035021888680425,0.8041666666666667,0.801007556675063,0.8815524193548387,0.7339488040285355,0.7540240662603532
AdaBoost,Original,Baseline,0.5,0.852507168834802,0.7970974044097126,0.6845986984815619,0.714027149321267,0.6575,0.8504422958239045,0.8341404358353511,0.8673940411246328,0.668077900084674
AdaBoost,Original,Baseline,0.55,0.852507168834802,0.7725369801842031,0.5939212755356253,0.7385377942998761,0.49666666666666665,0.8420236479937973,0.7824207492795389,0.9114561477129669,0.5314785090065989
AdaBoost,Original,Baseline,0.6,0.852507168834802,0.7516048004465532,0.4105960264900662,1.0,0.25833333333333336,0.8426449787835927,0.7280782157042469,1.0,0.30332681017612523
AdaBoost,Original,Baseline,0.65,0.852507168834802,0.6957856544794865,0.16793893129770993,1.0,0.09166666666666666,0.8138661202185792,0.6861503023322776,1.0,0.1120162932790224
AdaBoost,Original,Tuned,0.35,0.852507168834802,0.48925481440133967,0.5634541984732825,0.3947192513368984,0.9841666666666666,0.3846671149966375,0.9678510998307953,0.2400335711288292,0.7578285420944558
AdaBoost,Original,Tuned,0.4,0.852507168834802,0.6466648060284678,0.6278659611992945,0.48501362397820164,0.89,0.6636556854410202,0.9044170890658942,0.5241292488459924,0.7626392459297343
AdaBoost,Original,Tuned,0.45,0.852507168834802,0.7574658107730952,0.6895319757056092,0.6035021888680425,0.8041666666666667,0.801007556675063,0.8815524193548387,0.7339488040285355,0.7540240662603532
AdaBoost,Original,Tuned,0.5,0.852507168834802,0.7970974044097126,0.6845986984815619,0.714027149321267,0.6575,0.8504422958239045,0.8341404358353511,0.8673940411246328,0.668077900084674
AdaBoost,Original,Tuned,0.55,0.852507168834802,0.7725369801842031,0.5939212755356253,0.7385377942998761,0.49666666666666665,0.8420236479937973,0.7824207492795389,0.9114561477129669,0.5314785090065989
AdaBoost,Original,Tuned,0.6,0.852507168834802,0.7516048004465532,0.4105960264900662,1.0,0.25833333333333336,0.8426449787835927,0.7280782157042469,1.0,0.30332681017612523
AdaBoost,Original,Tuned,0.65,0.852507168834802,0.6957856544794865,0.16793893129770993,1.0,0.09166666666666666,0.8138661202185792,0.6861503023322776,1.0,0.1120162932790224
XGBoost,Original,Baseline,0.35,0.8632516785564415,0.7130895897292772,0.6611733684904416,0.5468920392584514,0.8358333333333333,0.7512100677637947,0.8873642081189251,0.6512798992866136,0.7559541754597527
XGBoost,Original,Baseline,0.4,0.8632516785564415,0.7306726207089032,0.6727704306544592,0.5671812464265295,0.8266666666666667,0.7711643348351909,0.8865866957470011,0.6823331934536299,0.757367537028554
XGBoost,Original,Baseline,0.45,0.8632516785564415,0.7449065029305052,0.6801959412176347,0.586248492159228,0.81,0.7878365831012071,0.8815584415584415,0.712127570289551,0.7525549705791267
XGBoost,Original,Baseline,0.5,0.8632516785564415,0.7574658107730952,0.6852589641434262,0.6060217809096733,0.7883333333333333,0.8027241770715097,0.874381800197824,0.7419219471254721,0.7435937745637479
XGBoost,Original,Baseline,0.55,0.8632516785564415,0.7630477253698018,0.6835631755497578,0.6183412002697235,0.7641666666666667,0.8106178898059335,0.8652380952380953,0.7624842635333613,0.7297469361769855
XGBoost,Original,Baseline,0.6,0.8632516785564415,0.7764443204018978,0.6886902448503692,0.6453022578295703,0.7383333333333333,0.8256041802743305,0.857918552036199,0.7956357532522031,0.7176413413251256
XGBoost,Original,Baseline,0.65,0.8632516785564415,0.7873290538654758,0.6942215088282504,0.6695046439628483,0.7208333333333333,0.8369704749679076,0.8537756438236578,0.8208140998741082,0.7099474720945502
XGBoost,Original,Tuned,0.35,0.8872989229262834,0.8043538933854312,0.7230343737653101,0.6874530428249437,0.7625,0.8487594390507012,0.8734458259325044,0.8254301300881242,0.7462077964442995
XGBoost,Original,Tuned,0.4,0.8872989229262834,0.8297516048004465,0.7441275167785235,0.7491554054054054,0.7391666666666666,0.8724383103304056,0.8695289704043352,0.8753671842215694,0.7411430481283422
XGBoost,Original,Tuned,0.45,0.8872989229262834,0.8439854870220486,0.7555749890686488,0.7948482060717571,0.72,0.8854273416683747,0.8653846153846154,0.9064204783885859,0.733820281977238
XGBoost,Original,Tuned,0.5,0.8872989229262834,0.8518001674574379,0.7600542250338906,0.8302073050345509,0.7008333333333333,0.8927922471229558,0.8603112840466927,0.9278220730172052,0.7233786340959918
XGBoost,Original,Tuned,0.55,0.8872989229262834,0.8529165503767793,0.7501185395922239,0.8701870187018702,0.6591666666666667,0.8957880166106387,0.8470456245325355,0.9504825849769198,0.6927658083727448
XGBoost,Original,Tuned,0.6,0.8872989229262834,0.8490092101590846,0.7351933431228586,0.8908659549228944,0.6258333333333334,0.8943978137809877,0.8361313868613138,0.9613932018464121,0.6654261917419813
XGBoost,Original,Tuned,0.65,0.8872989229262834,0.8277979346915992,0.6740623349181194,0.9206349206349206,0.5316666666666666,0.882988810923573,0.8055363321799308,0.9769198489299202,0.5807391225195704
LightGBM,Original,Baseline,0.35,0.8739001958315848,0.7273234719508791,0.6691500169319337,0.5636052481460354,0.8233333333333334,0.7680987419890815,0.8841530054644808,0.6789760805707092,0.7538531970090036
LightGBM,Original,Baseline,0.4,0.8739001958315848,0.7432319285514931,0.6751412429378532,0.5857843137254902,0.7966666666666666,0.78772496538994,0.8749359302921579,0.7163239613932019,0.7431592039800995
LightGBM,Original,Baseline,0.45,0.8739001958315848,0.7596985766117779,0.6847308678139875,0.6107119529719138,0.7791666666666667,0.8058624577226606,0.8708576998050682,0.7498950902224087,0.7384299478755331
LightGBM,Original,Baseline,0.5,0.8739001958315848,0.7792352777002511,0.6972828166858017,0.6447275300778486,0.7591666666666667,0.8262683944651877,0.8668202764976959,0.7893411665967268,0.7331401899243521
LightGBM,Original,Baseline,0.55,0.8739001958315848,0.7881663410549818,0.7017681728880157,0.6639405204460966,0.7441666666666666,0.8357498376974681,0.8628239499553172,0.8103231221149811,0.726606997558991
LightGBM,Original,Baseline,0.6,0.8739001958315848,0.7987719787887245,0.709156918112142,0.6872556684910086,0.7325,0.8461702581608705,0.8606770833333334,0.8321443558539656,0.7229807534133904
LightGBM,Original,Baseline,0.65,0.8739001958315848,0.8088194250627966,0.7163561076604554,0.7119341563786008,0.7208333333333333,0.8558198274047569,0.8585304054054054,0.8531263113722198,0.7190357439733999
LightGBM,Original,Tuned,0.35,0.8824723737585676,0.8227742115545632,0.7372776168804303,0.7321281840591619,0.7425,0.8662876395030533,0.8693998309382924,0.8631976500209819,0.7404021937842779
LightGBM,Original,Tuned,0.4,0.8824723737585676,0.8381244766955066,0.7458369851007888,0.7865064695009242,0.7091666666666666,0.8812448812448812,0.8604558176729308,0.9030633655056651,0.7233934036042162
LightGBM,Original,Tuned,0.45,0.8824723737585676,0.8442645827518839,0.7454379562043796,0.8235887096774194,0.6808333333333333,0.887816646562123,0.8521806252412196,0.9265631556861099,0.7052831491712708
LightGBM,Original,Tuned,0.5,0.8824723737585676,0.8439854870220486,0.7290353853611246,0.8713789107763615,0.6266666666666667,0.8904565941602979,0.8352941176470589,0.9534200587494754,0.6639590323150274
LightGBM,Original,Tuned,0.55,0.8824723737585676,0.8305888919899526,0.6833594157537819,0.9135285913528591,0.5458333333333333,0.8843589255096209,0.8098394975575716,0.9739823751573646,0.5936197208627877
LightGBM,Original,Tuned,0.6,0.8824723737585676,0.7892827239743232,0.541033434650456,1.0,0.37083333333333335,0.8632494113385256,0.7594008922880816,1.0,0.4242135367016206
LightGBM,Original,Tuned,0.65,0.8824723737585676,0.7446274072006698,0.3838383838383838,1.0,0.2375,0.8389368069001937,0.7225591267434809,1.0,0.28023598820059
CatBoost,Original,Baseline,0.35,0.8710837180025178,0.7298353335193971,0.672972972972973,0.5659090909090909,0.83,0.7698525915359011,0.8880965441579813,0.6793957196810743,0.7591463414634146
CatBoost,Original,Baseline,0.4,0.8710837180025178,0.7454646943901758,0.6797752808988764,0.587378640776699,0.8066666666666666,0.7887911069939787,0.8801033591731267,0.7146454049517414,0.750620347394541
CatBoost,Original,Baseline,0.45,0.8710837180025178,0.7599776723416132,0.6852122986822841,0.6109660574412533,0.78,0.8060442038791159,0.871282301316431,0.7498950902224087,0.7391029690461149
CatBoost,Original,Baseline,0.5,0.8710837180025178,0.7742115545632152,0.6941398865784499,0.6352941176470588,0.765,0.8210572882105729,0.8681010289990645,0.7788501888375997,0.7349879903923139
CatBoost,Original,Baseline,0.55,0.8710837180025178,0.7828635221881105,0.6970404984423676,0.6542397660818714,0.7458333333333333,0.8307959982601131,0.8623024830699775,0.8015107007973143,0.7255188067444877
CatBoost,Original,Baseline,0.6,0.8710837180025178,0.7912363940831705,0.6988727858293076,0.67601246105919,0.7233333333333334,0.8402392140111064,0.8555893866898652,0.8254301300881242,0.7133464825772519
CatBoost,Original,Baseline,0.65,0.8710837180025178,0.8026793190064192,0.7065172270651723,0.7038875103391232,0.7091666666666666,0.8513769182257725,0.8529907329401853,0.8497691984892992,0.708104509901814
CatBoost,Original,Tuned,0.35,0.8820357742341586,0.7993301702483951,0.7246265798544619,0.6704464918497519,0.7883333333333333,0.8421514818880351,0.8830570902394107,0.804867813680235,0.7615520850104653
CatBoost,Original,Tuned,0.4,0.8820357742341586,0.8141222439296679,0.7342378292098962,0.7044410413476263,0.7666666666666667,0.8570815450643777,0.8770311813790075,0.8380193033990768,0.7533573534228628
CatBoost,Original,Tuned,0.45,0.8820357742341586,0.8303097962601172,0.7436762225969646,0.7525597269624573,0.735,0.8731748018356279,0.8681045209456657,0.878304657994125,0.7384460817146684
CatBoost,Original,Tuned,0.5,0.8820357742341586,0.8347753279374825,0.7371225577264654,0.7889733840304183,0.6916666666666667,0.8795278795278795,0.8538127222441723,0.9068401174989509,0.7091592617908408
CatBoost,Original,Tuned,0.55,0.8820357742341586,0.8420318169132013,0.7345215759849906,0.8401287553648069,0.6525,0.8875645609853,0.8427008675971331,0.9374737725556022,0.6830076762037683
CatBoost,Original,Tuned,0.6,0.8820357742341586,0.8403572425341892,0.718503937007874,0.8774038461538461,0.6083333333333333,0.888585897935333,0.8291530352599055,0.9571968107427612,0.6480823863636364
CatBoost,Original,Tuned,0.65,0.8820357742341586,0.8222160200948926,0.6701191092698084,0.8850889192886456,0.5391666666666667,0.8783190066857689,0.8061009817671809,0.9647503147293328,0.5848851925510757
MLPClassifier,Original,Baseline,0.35,0.834931458945307,0.7485347474183645,0.6712878511492156,0.5970149253731343,0.7666666666666667,0.7963841807909604,0.8628795298726738,0.7394041124632815,0.7254376281343636
MLPClassifier,Original,Baseline,0.4,0.834931458945307,0.7596985766117779,0.6747261050245561,0.6171389080856945,0.7441666666666666,0.8094711219296304,0.8562734082397003,0.7675199328577423,0.7147430766768048
MLPClassifier,Original,Baseline,0.45,0.834931458945307,0.7708624058051912,0.6794221007418977,0.639235855988244,0.725,0.8217155266015201,0.8514851485148515,0.7939571968107427,0.7060542119785749
MLPClassifier,Original,Baseline,0.5,0.834931458945307,0.7786770862405805,0.6826730692276911,0.6566589684372595,0.7108333333333333,0.83008356545961,0.8480735551663747,0.8128409567771716,0.6992949663879324
MLPClassifier,Original,Baseline,0.55,0.834931458945307,0.7778397990510745,0.6735028712059065,0.6631663974151858,0.6841666666666667,0.8316412859560067,0.8383795309168444,0.8250104909777591,0.6798608810864525
MLPClassifier,Original,Baseline,0.6,0.834931458945307,0.7867708624058052,0.6735042735042736,0.6912280701754386,0.6566666666666666,0.8416908412764194,0.8313548915268113,0.8522870331514897,0.6632996632996633
MLPClassifier,Original,Baseline,0.65,0.834931458945307,0.7856544794864638,0.6616740088105727,0.7018691588785047,0.6258333333333334,0.8431372549019608,0.8213290887385595,0.8661351237935375,0.6396933560477002
MLPClassifier,Original,Tuned,0.35,0.8398202545810602,0.7622104381802959,0.6762917933130699,0.6215083798882681,0.7416666666666667,0.812086457873842,0.8558809855880986,0.7725556021821234,0.7140564826700898
MLPClassifier,Original,Tuned,0.4,0.8398202545810602,0.7725369801842031,0.6762018275725069,0.6461655277145026,0.7091666666666666,0.8246934824693483,0.8459841129744042,0.80444817456987,0.6956024194866764
MLPClassifier,Original,Tuned,0.45,0.8398202545810602,0.7795143734300866,0.6746293245469522,0.6669381107491856,0.6825,0.8332629801604052,0.8382165605095542,0.8283676038606799,0.679329794293298
MLPClassifier,Original,Tuned,0.5,0.8398202545810602,0.7837008093776165,0.6697912228376651,0.6852659110723627,0.655,0.8391782527495331,0.8300492610837439,0.8485102811582039,0.6608373970068943
MLPClassifier,Original,Tuned,0.55,0.8398202545810602,0.7903991068936645,0.6666666666666666,0.7132003798670465,0.6258333333333334,0.8471402401791166,0.8225296442687747,0.873268988669744,0.6415513411925509
MLPClassifier,Original,Tuned,0.6,0.8398202545810602,0.7906782026234999,0.6511627906976745,0.7368421052631579,0.5833333333333334,0.8504784688995215,0.810102544625902,0.8950902224087285,0.6086956521739131
MLPClassifier,Original,Tuned,0.65,0.8398202545810602,0.7845380965671225,0.628131021194605,0.7442922374429224,0.5433333333333333,0.8483300589390963,0.7975618766161803,0.9060008392782207,0.5743481324876674
Logistic Regression,SMOTE,Baseline,0.35,0.8433385788222129,0.6611777839799051,0.634777376654633,0.4967043314500942,0.8791666666666667,0.6840187402394586,0.9006168608636053,0.5514057910197231,0.761842865395725
Logistic Regression,SMOTE,Baseline,0.4,0.8433385788222129,0.6999720904270165,0.6564397571108981,0.5324002073613271,0.8558333333333333,0.733713153331682,0.8954050785973398,0.6214855224506924,0.7631148759102393
Logistic Regression,SMOTE,Baseline,0.45,0.8433385788222129,0.7379291096846218,0.6791937137000341,0.5755645628257093,0.8283333333333334,0.778485491861288,0.8890086206896551,0.692404532102392,0.7614524283744446
Logistic Regression,SMOTE,Baseline,0.5,0.8433385788222129,0.7650013954786492,0.6931486880466472,0.6159326424870466,0.7925,0.80958842152872,0.8778813143697891,0.751154007553504,0.7495271122320303
Logistic Regression,SMOTE,Baseline,0.55,0.8433385788222129,0.7834217136477812,0.6992248062015504,0.6536231884057971,0.7516666666666667,0.8307893589184474,0.8647299137539719,0.7994125052454889,0.7297734627831716
Logistic Regression,SMOTE,Baseline,0.6,0.8433385788222129,0.7931900641920179,0.6981670061099796,0.6828685258964143,0.7141666666666666,0.8427085544470388,0.8526632302405498,0.8329836340746958,0.7076796036333609
Logistic Regression,SMOTE,Baseline,0.65,0.8433385788222129,0.7984928830588892,0.6885245901639344,0.7137745974955277,0.665,0.8510726072607261,0.8369168356997971,0.8657154846831725,0.6742142615748564
Logistic Regression,SMOTE,Tuned,0.35,0.8457406630297943,0.6533631035445158,0.6318909306461173,0.49034038638454464,0.8883333333333333,0.6724683544303798,0.9048970901348474,0.5350398657154847,0.764267278462862
Logistic Regression,SMOTE,Tuned,0.4,0.8457406630297943,0.6910410270722858,0.6515580736543909,0.5235204855842185,0.8625,0.7224868388067185,0.8972602739726028,0.604699958036089,0.7636122177954847
Logistic Regression,SMOTE,Tuned,0.45,0.8457406630297943,0.7326262908177504,0.6776581426648721,0.5682844243792325,0.8391666666666666,0.7715784453981879,0.8934290447266704,0.6789760805707092,0.7661290322580645
Logistic Regression,SMOTE,Tuned,0.5,0.8457406630297943,0.7638850125593079,0.693033381712627,0.6137532133676092,0.7958333333333333,0.8081632653061225,0.8791317217562901,0.7477968946705833,0.7512586532410321
Logistic Regression,SMOTE,Tuned,0.55,0.8457406630297943,0.7848171922969579,0.7003497862417412,0.6562272396212673,0.7508333333333334,0.8321358589157414,0.8647058823529412,0.8019303399076794,0.7297910254333387
Logistic Regression,SMOTE,Tuned,0.6,0.8457406630297943,0.7987719787887245,0.7039014373716632,0.6939271255060728,0.7141666666666666,0.8476009300359332,0.8539182282793867,0.8413764162819974,0.7100248550124275
Logistic Regression,SMOTE,Tuned,0.65,0.8457406630297943,0.7968183086798772,0.6851211072664359,0.7122302158273381,0.66,0.850020601565719,0.8348846620801295,0.8657154846831725,0.6698240866035182
LDA,SMOTE,Baseline,0.35,0.8470387466778572,0.6681551772257884,0.640893989731199,0.5026054002842255,0.8841666666666667,0.6915693904020752,0.9055706521739131,0.5593789341166596,0.7676168427145131
LDA,SMOTE,Baseline,0.4,0.8470387466778572,0.7044376221043818,0.662200956937799,0.5364341085271318,0.865,0.7372860332423716,0.9016990291262136,0.6235837180025179,0.7706013363028953
LDA,SMOTE,Baseline,0.45,0.8470387466778572,0.7379291096846218,0.6809378185524975,0.5748709122203098,0.835,0.7776462230641724,0.8923913043478261,0.6890474192194712,0.7657038055937643
LDA,SMOTE,Baseline,0.5,0.8470387466778572,0.7655595869383198,0.6949891067538126,0.6158301158301158,0.7975,0.8096101541251133,0.8802365697387876,0.7494754511120436,0.7530689329556185
LDA,SMOTE,Baseline,0.55,0.8470387466778572,0.7811889478090985,0.6982294072363356,0.6487839771101573,0.7558333333333334,0.8283712784588442,0.8659038901601831,0.7939571968107427,0.7316876411745724
LDA,SMOTE,Baseline,0.6,0.8470387466778572,0.7940273513815239,0.6995114006514658,0.6839171974522293,0.7158333333333333,0.8433121019108281,0.8534593897722389,0.8334032731850608,0.709214002642008
LDA,SMOTE,Baseline,0.65,0.8470387466778572,0.8001674574379012,0.690846286701209,0.7168458781362007,0.6666666666666666,0.8523711340206186,0.8378597486826105,0.8673940411246328,0.676132521974307
LDA,SMOTE,Tuned,0.35,0.844812910896629,0.6684342729556237,0.6397816858702243,0.5028598665395615,0.8791666666666667,0.6928645294725957,0.9023569023569024,0.5623164078892152,0.7647144099739055
LDA,SMOTE,Tuned,0.4,0.844812910896629,0.6991348032375104,0.65625,0.53150826446281,0.8575,0.7325062034739455,0.8961748633879781,0.619387326898867,0.7638064133016627
LDA,SMOTE,Tuned,0.45,0.844812910896629,0.7331844822774212,0.677027027027027,0.5693181818181818,0.835,0.7727056585829767,0.8913878222709819,0.6819135543432648,0.7637195121951219
LDA,SMOTE,Tuned,0.5,0.844812910896629,0.7633268210996371,0.6918604651162791,0.6134020618556701,0.7933333333333333,0.8078840054372451,0.8778926637124569,0.7482165337809484,0.7493702770780857
LDA,SMOTE,Tuned,0.55,0.844812910896629,0.7803516606195925,0.6967244701348747,0.6480286738351254,0.7533333333333333,0.8278276088383286,0.8647166361974405,0.7939571968107427,0.7296206618240516
LDA,SMOTE,Tuned,0.6,0.844812910896629,0.7962601172202065,0.6990931574608409,0.6916802610114192,0.7066666666666667,0.8459915611814346,0.8506576156130674,0.8413764162819974,0.7036176568204447
LDA,SMOTE,Tuned,0.65,0.844812910896629,0.7965392129500418,0.6795604395604395,0.7190697674418605,0.6441666666666667,0.8509507258229401,0.8297448165869219,0.873268988669744,0.6578723404255319
Decision Tree,SMOTE,Baseline,0.35,0.7220084976919849,0.7175551214066425,0.6338639652677279,0.5601023017902813,0.73,0.7701044979554748,0.8395245170876672,0.7112882920688208,0.6882463859208046
Decision Tree,SMOTE,Baseline,0.4,0.7220084976919849,0.7175551214066425,0.6338639652677279,0.5601023017902813,0.73,0.7701044979554748,0.8395245170876672,0.7112882920688208,0.6882463859208046
Decision Tree,SMOTE,Baseline,0.45,0.7220084976919849,0.7175551214066425,0.6338639652677279,0.5601023017902813,0.73,0.7701044979554748,0.8395245170876672,0.7112882920688208,0.6882463859208046
Decision Tree,SMOTE,Baseline,0.5,0.7220084976919849,0.7175551214066425,0.6338639652677279,0.5601023017902813,0.73,0.7701044979554748,0.8395245170876672,0.7112882920688208,0.6882463859208046
Decision Tree,SMOTE,Baseline,0.55,0.7220084976919849,0.7172760256768071,0.6328379847770932,0.5599743425272611,0.7275,0.7701384161561152,0.8384387351778656,0.712127570289551,0.6864286837553074
Decision Tree,SMOTE,Baseline,0.6,0.7220084976919849,0.7172760256768071,0.6328379847770932,0.5599743425272611,0.7275,0.7701384161561152,0.8384387351778656,0.712127570289551,0.6864286837553074
Decision Tree,SMOTE,Baseline,0.65,0.7220084976919849,0.7175551214066425,0.6330674401740392,0.5603337612323491,0.7275,0.7704174228675136,0.8385185185185186,0.7125472093999161,0.6865366467442592
Decision Tree,SMOTE,Tuned,0.35,0.8701638341026716,0.7063912922132292,0.6653944020356234,0.5380658436213992,0.8716666666666667,0.73843858776728,0.9060402684563759,0.6231640788921528,0.7755041518386714
Decision Tree,SMOTE,Tuned,0.4,0.8701638341026716,0.7063912922132292,0.6653944020356234,0.5380658436213992,0.8716666666666667,0.73843858776728,0.9060402684563759,0.6231640788921528,0.7755041518386714
Decision Tree,SMOTE,Tuned,0.45,0.8701638341026716,0.7862126709461346,0.7113790504898266,0.6492434662998624,0.7866666666666666,0.8302304964539007,0.8797557538750587,0.7859840537138061,0.7547169811320755
Decision Tree,SMOTE,Tuned,0.5,0.8701638341026716,0.7862126709461346,0.7113790504898266,0.6492434662998624,0.7866666666666666,0.8302304964539007,0.8797557538750587,0.7859840537138061,0.7547169811320755
Decision Tree,SMOTE,Tuned,0.55,0.8701638341026716,0.7862126709461346,0.7113790504898266,0.6492434662998624,0.7866666666666666,0.8302304964539007,0.8797557538750587,0.7859840537138061,0.7547169811320755
Decision Tree,SMOTE,Tuned,0.6,0.8701638341026716,0.7862126709461346,0.7113790504898266,0.6492434662998624,0.7866666666666666,0.8302304964539007,0.8797557538750587,0.7859840537138061,0.7547169811320755
Decision Tree,SMOTE,Tuned,0.65,0.8701638341026716,0.8370080937761653,0.7521222410865874,0.7664359861591695,0.7383333333333333,0.8785862785862786,0.8706221672847136,0.8866974402014268,0.7437877770315648
Random Forest,SMOTE,Baseline,0.35,0.8505324171212758,0.6840636338264025,0.6471321695760599,0.5169322709163346,0.865,0.7139969681657403,0.8971428571428571,0.5929500629458666,0.7623384253819037
Random Forest,SMOTE,Baseline,0.4,0.8505324171212758,0.7086240580519118,0.6510695187165776,0.5435267857142857,0.8116666666666666,0.7498802108289411,0.8738135120044668,0.6567352077213596,0.7387742718446602
Random Forest,SMOTE,Baseline,0.45,0.8505324171212758,0.7499302260675411,0.6755973931933381,0.5973111395646606,0.7775,0.7965485921889192,0.867887184562098,0.7360469995803609,0.7332599811380069
Random Forest,SMOTE,Baseline,0.5,0.8505324171212758,0.7898409154339938,0.7029585798816568,0.6674157303370787,0.7425,0.8374001295616498,0.8625444839857651,0.8136802349979018,0.726161369193154
Random Forest,SMOTE,Baseline,0.55,0.8505324171212758,0.8102149037119732,0.7130801687763713,0.7222222222222222,0.7041666666666667,0.8582151793160967,0.8528802320762536,0.863617289131347,0.7077051926298158
Random Forest,SMOTE,Baseline,0.6,0.8505324171212758,0.8236114987440692,0.7165919282511211,0.7757281553398059,0.6658333333333334,0.8719611021069692,0.8429298864081473,0.9030633655056651,0.6852487135506004
Random Forest,SMOTE,Baseline,0.65,0.8505324171212758,0.8264024560424226,0.7040913415794482,0.8203991130820399,0.6166666666666667,0.877172195892575,0.8284222305110034,0.9320184641208561,0.648895124517713
Random Forest,SMOTE,Tuned,0.35,0.8576542173730591,0.6804353893385431,0.6431910252415083,0.5136884021901443,0.86,0.7106393732625726,0.8932655654383735,0.5900125891733109,0.7578205316492878
Random Forest,SMOTE,Tuned,0.4,0.8576542173730591,0.7183924085961485,0.6592367443431273,0.5542305508233958,0.8133333333333334,0.7600475624256837,0.8770581778265643,0.6705832983634075,0.7437890565462582
Random Forest,SMOTE,Tuned,0.45,0.8576542173730591,0.7596985766117779,0.6865671641791045,0.6095669036845508,0.7858333333333334,0.8051595383570944,0.8737721021611002,0.746537977339488,0.7428706475500236
Random Forest,SMOTE,Tuned,0.5,0.8576542173730591,0.7943064471113592,0.7055533359968038,0.6776669224865695,0.7358333333333333,0.8419472442633498,0.8609649122807017,0.8237515736466638,0.7234147140750451
Random Forest,SMOTE,Tuned,0.55,0.8576542173730591,0.8305888919899526,0.7288968289414918,0.7853705486044273,0.68,0.8768012989648873,0.8490566037735849,0.9064204783885859,0.698749785922247
Random Forest,SMOTE,Tuned,0.6,0.8576542173730591,0.8403572425341892,0.7314553990610329,0.8376344086021505,0.6491666666666667,0.886417791898332,0.8413117225782133,0.936634494334872,0.6797556719022687
Random Forest,SMOTE,Tuned,0.65,0.8576542173730591,0.8344962322076472,0.708025603151157,0.865222623345367,0.5991666666666666,0.8845180136319377,0.825218023255814,0.9530004196391104,0.6384301189841947
AdaBoost,SMOTE,Baseline,0.35,0.8278754021541475,0.44906502930505166,0.5462068965517242,0.37714285714285717,0.99,0.2990056818181818,0.9722863741339491,0.17666806546370123,0.7471698113207547
AdaBoost,SMOTE,Baseline,0.4,0.8278754021541475,0.5593078425900083,0.5941917244924184,0.4295800817539948,0.9633333333333334,0.5178625954198474,0.9506726457399103,0.3558539655895929,0.7715925777599787
AdaBoost,SMOTE,Baseline,0.45,0.8278754021541475,0.6946692715601451,0.6535782140595313,0.5270684371807968,0.86,0.7270459081836327,0.8966153846153846,0.6114141838019304,0.7635395087303936
AdaBoost,SMOTE,Baseline,0.5,0.8278754021541475,0.7485347474183645,0.6535947712418301,0.6067094932191291,0.7083333333333334,0.8026286966046002,0.8395967002749771,0.7687788501888376,0.6853733268827609
AdaBoost,SMOTE,Baseline,0.55,0.8278754021541475,0.7733742673737092,0.612225405921681,0.7170022371364653,0.5341666666666667,0.8399053627760252,0.7921160282632949,0.8938313050776332,0.5628731998595012
AdaBoost,SMOTE,Baseline,0.6,0.8278754021541475,0.7407200669829752,0.42760320394331486,0.8203309692671394,0.2891666666666667,0.8324012267725058,0.7300632911392405,0.9681074276122534,0.3321845682557917
AdaBoost,SMOTE,Baseline,0.65,0.8278754021541475,0.7158805470276305,0.28005657708628007,0.9252336448598131,0.165,0.8230180806675939,0.7025823686553874,0.9932857742341586,0.1974471479856402
AdaBoost,SMOTE,Tuned,0.35,0.8278754021541475,0.44906502930505166,0.5462068965517242,0.37714285714285717,0.99,0.2990056818181818,0.9722863741339491,0.17666806546370123,0.7471698113207547
AdaBoost,SMOTE,Tuned,0.4,0.8278754021541475,0.5593078425900083,0.5941917244924184,0.4295800817539948,0.9633333333333334,0.5178625954198474,0.9506726457399103,0.3558539655895929,0.7715925777599787
AdaBoost,SMOTE,Tuned,0.45,0.8278754021541475,0.6946692715601451,0.6535782140595313,0.5270684371807968,0.86,0.7270459081836327,0.8966153846153846,0.6114141838019304,0.7635395087303936
AdaBoost,SMOTE,Tuned,0.5,0.8278754021541475,0.7485347474183645,0.6535947712418301,0.6067094932191291,0.7083333333333334,0.8026286966046002,0.8395967002749771,0.7687788501888376,0.6853733268827609
AdaBoost,SMOTE,Tuned,0.55,0.8278754021541475,0.7733742673737092,0.612225405921681,0.7170022371364653,0.5341666666666667,0.8399053627760252,0.7921160282632949,0.8938313050776332,0.5628731998595012
AdaBoost,SMOTE,Tuned,0.6,0.8278754021541475,0.7407200669829752,0.42760320394331486,0.8203309692671394,0.2891666666666667,0.8324012267725058,0.7300632911392405,0.9681074276122534,0.3321845682557917
AdaBoost,SMOTE,Tuned,0.65,0.8278754021541475,0.7158805470276305,0.28005657708628007,0.9252336448598131,0.165,0.8230180806675939,0.7025823686553874,0.9932857742341586,0.1974471479856402
XGBoost,SMOTE,Baseline,0.35,0.8486566302979438,0.6857382082054144,0.6416295353278166,0.5190525231719877,0.84,0.7201789264413518,0.8829981718464351,0.6080570709190096,0.7475526549985168
XGBoost,SMOTE,Baseline,0.4,0.8486566302979438,0.7038794306447111,0.6524729773992795,0.5375067458175931,0.83,0.7420374422562607,0.8820809248554913,0.6403692824171213,0.7485344957162182
XGBoost,SMOTE,Baseline,0.45,0.8486566302979438,0.7167178342171365,0.6562817473755503,0.5527666856816885,0.8075,0.7590790410633753,0.8737704918032787,0.6710029374737726,0.7393560201434457
XGBoost,SMOTE,Baseline,0.5,0.8486566302979438,0.7298353335193971,0.6613016095171449,0.5699638118214716,0.7875,0.7753017641597029,0.8675324675324675,0.7007973143096936,0.7316506658408176
XGBoost,SMOTE,Baseline,0.55,0.8486566302979438,0.7432319285514931,0.6690647482014388,0.5886075949367089,0.775,0.7902416780665754,0.8652021967049426,0.7272345782626941,0.7288401253918495
XGBoost,SMOTE,Baseline,0.6,0.8486566302979438,0.7571867150432599,0.6789667896678967,0.609271523178808,0.7666666666666667,0.8047576301615799,0.8649300530631935,0.7524129248845992,0.7290015847860539
XGBoost,SMOTE,Baseline,0.65,0.8486566302979438,0.7636059168294725,0.6763469621704241,0.6245589273112209,0.7375,0.8138052319191031,0.8545706371191135,0.7767519932857743,0.7117580826765321
XGBoost,SMOTE,Tuned,0.35,0.8672893061966709,0.6673178900362824,0.6458704693998811,0.5018467220683287,0.9058333333333334,0.6863157894736842,0.9202540578687368,0.5472093999160722,0.7802182026988228
XGBoost,SMOTE,Tuned,0.4,0.8672893061966709,0.7122523025397711,0.6694453350432831,0.5440333507034913,0.87,0.7452433901655547,0.90625,0.6328157784305497,0.7769013246018753
XGBoost,SMOTE,Tuned,0.45,0.8672893061966709,0.7365336310354451,0.6797829036635007,0.5732265446224256,0.835,0.7761972498814604,0.8920980926430517,0.6869492236676458,0.7651191203420892
XGBoost,SMOTE,Tuned,0.5,0.8672893061966709,0.7596985766117779,0.6826391448580906,0.6120290812954395,0.7716666666666666,0.8066472041320458,0.8676328502415459,0.7536718422156945,0.7334072548709013
XGBoost,SMOTE,Tuned,0.55,0.8672893061966709,0.7929109684621826,0.7012882447665056,0.6783489096573209,0.7258333333333333,0.8415207176420333,0.8568943018703784,0.8266890474192194,0.7158119658119658
XGBoost,SMOTE,Tuned,0.6,0.8672893061966709,0.8130058610103266,0.7081881533101045,0.7417883211678832,0.6775,0.8624229979466119,0.8443908323281062,0.8812421317666806,0.6894504748982361
XGBoost,SMOTE,Tuned,0.65,0.8672893061966709,0.8367289980463299,0.7282861124013005,0.8226652675760755,0.6533333333333333,0.8833034111310593,0.8418250950570342,0.9290809903483005,0.6813836259342951
LightGBM,SMOTE,Baseline,0.35,0.8670256329556582,0.6913201228021211,0.6508838383838383,0.5238821138211383,0.8591666666666666,0.7233616808404202,0.8953560371517028,0.6067981535879144,0.7616725768321513
LightGBM,SMOTE,Baseline,0.4,0.8670256329556582,0.7100195367010885,0.6605684416857236,0.5432563138097797,0.8425,0.7468940316686967,0.8902439024390244,0.6433067561896769,0.7588950608016815
LightGBM,SMOTE,Baseline,0.45,0.8670256329556582,0.7329053865475859,0.6728205128205128,0.5704347826086956,0.82,0.7743456731902854,0.883745963401507,0.6890474192194712,0.7540229885057471
LightGBM,SMOTE,Baseline,0.5,0.8670256329556582,0.7479765559586938,0.6780748663101605,0.5925233644859813,0.7925,0.7929373996789727,0.8741152679474217,0.7255560218212337,0.7423887587822015
LightGBM,SMOTE,Baseline,0.55,0.8670256329556582,0.7630477253698018,0.6849721706864564,0.6173913043478261,0.7691666666666667,0.810109595168866,0.8673371647509579,0.7599664288711708,0.7331215250198571
LightGBM,SMOTE,Baseline,0.6,0.8670256329556582,0.7758861289422272,0.6931601069927398,0.6400846859562456,0.7558333333333334,0.823477687403825,0.8647276084949215,0.7859840537138061,0.7294515039408075
LightGBM,SMOTE,Baseline,0.65,0.8670256329556582,0.7856544794864638,0.6985871271585558,0.6602373887240356,0.7416666666666667,0.8336942399307059,0.8612975391498882,0.8078052874527906,0.7238126219908914
LightGBM,SMOTE,Tuned,0.35,0.8739746817736747,0.6315936366173598,0.6290050590219224,0.47455470737913485,0.9325,0.6341463414634146,0.9338775510204081,0.4800671422576584,0.7816429170159263
LightGBM,SMOTE,Tuned,0.4,0.8739746817736747,0.6723416131733184,0.6385467980295566,0.50634765625,0.8641666666666666,0.700357325165901,0.8938110749185668,0.575744859420898,0.7571553738317757
LightGBM,SMOTE,Tuned,0.45,0.8739746817736747,0.7370918224951158,0.6710893854748603,0.5775240384615384,0.8008333333333333,0.7810320781032078,0.8754559666492965,0.7049937054133445,0.7433477722772277
LightGBM,SMOTE,Tuned,0.5,0.8739746817736747,0.8155177225788446,0.7305340399510803,0.7150837988826816,0.7466666666666667,0.8597496286866115,0.8695278969957082,0.8501888375996642,0.7401288617214604
LightGBM,SMOTE,Tuned,0.55,0.8739746817736747,0.8331007535584706,0.7426850258175559,0.7677935943060499,0.7191666666666666,0.8764973151590252,0.8629524196827979,0.8904741921947126,0.7283929777177582
LightGBM,SMOTE,Tuned,0.6,0.8739746817736747,0.8384035724253419,0.7282965743782261,0.8335123523093448,0.6466666666666666,0.885004965243297,0.8401206636500754,0.9349559378934117,0.6770197173268191
LightGBM,SMOTE,Tuned,0.65,0.8739746817736747,0.8392408596148478,0.7168141592920354,0.8741007194244604,0.6075,0.8877630553390491,0.8286649690796654,0.955937893411666,0.646964856230032
CatBoost,SMOTE,Baseline,0.35,0.8637825220310533,0.7005302818866871,0.6590403558945027,0.5326142783769903,0.8641666666666666,0.733018163722319,0.9003667481662592,0.6181284095677717,0.7684896991255373
CatBoost,SMOTE,Baseline,0.4,0.8637825220310533,0.7105777281607591,0.658993752055245,0.5442694187941336,0.835,0.7486060606060606,0.886337543053961,0.6479227864036928,0.7544044571600662
CatBoost,SMOTE,Baseline,0.45,0.8637825220310533,0.7236952274630198,0.6646341463414634,0.559931506849315,0.8175,0.7650688182249644,0.880393227744402,0.6764582459085187,0.7486263736263736
CatBoost,SMOTE,Baseline,0.5,0.8637825220310533,0.7398827797934692,0.671830985915493,0.5817073170731707,0.795,0.7845584835876098,0.8733916623777663,0.712127570289551,0.7406832298136646
CatBoost,SMOTE,Baseline,0.55,0.8637825220310533,0.7571867150432599,0.6815519765739385,0.6077023498694517,0.7758333333333334,0.803788903924222,0.8688444661140907,0.7477968946705833,0.7351547694251421
CatBoost,SMOTE,Baseline,0.6,0.8637825220310533,0.7700251186156852,0.6874051593323217,0.6309192200557103,0.755,0.8181015452538631,0.8630647414997671,0.7775912715065044,0.7264271969211032
CatBoost,SMOTE,Baseline,0.65,0.8637825220310533,0.7806307563494278,0.6910377358490566,0.6540178571428571,0.7325,0.8299437472955431,0.8566324251898169,0.804867813680235,0.71533203125
CatBoost,SMOTE,Tuned,0.35,0.853521821233739,0.6349427853753837,0.625214899713467,0.4764192139737991,0.9091666666666667,0.6441784548422198,0.9156999226604795,0.49685270667226183,0.7693935119887165
CatBoost,SMOTE,Tuned,0.4,0.853521821233739,0.6957856544794865,0.6589486858573217,0.5275551102204409,0.8775,0.72544080604534,0.9073724007561437,0.6042803189257239,0.7747204237786933
CatBoost,SMOTE,Tuned,0.45,0.853521821233739,0.7370918224951158,0.6726893676164003,0.5768772348033373,0.8066666666666666,0.7803171641791045,0.8782152230971129,0.7020562316407889,0.7471441803025625
CatBoost,SMOTE,Tuned,0.5,0.853521821233739,0.7870499581356405,0.6978217821782178,0.6649056603773585,0.7341666666666666,0.8355957767722474,0.8587245349867139,0.8136802349979018,0.7191836734693877
CatBoost,SMOTE,Tuned,0.55,0.853521821233739,0.8194250627965393,0.7073722297602895,0.7734915924826904,0.6516666666666666,0.8694248234106963,0.8374805598755832,0.9039026437263953,0.6728618138014111
CatBoost,SMOTE,Tuned,0.6,0.853521821233739,0.8177504884175272,0.6791154791154791,0.8275449101796407,0.5758333333333333,0.8727343597739232,0.8147743813682679,0.9395719681074276,0.6131322094055013
CatBoost,SMOTE,Tuned,0.65,0.853521821233739,0.7923527770025118,0.6025641025641025,0.8392857142857143,0.47,0.859463543634303,0.7815183785640674,0.9546789760805707,0.5153508771929824
MLPClassifier,SMOTE,Baseline,0.35,0.8293740383270387,0.7437901200111638,0.6561797752808989,0.5959183673469388,0.73,0.7958185053380783,0.8466635115948887,0.7507343684431389,0.6985645933014354
MLPClassifier,SMOTE,Baseline,0.4,0.8293740383270387,0.7527211833658946,0.6576506955177743,0.6131123919308358,0.7091666666666666,0.8064657055482743,0.841002277904328,0.7746537977339488,0.6876212023270847
MLPClassifier,SMOTE,Baseline,0.45,0.8293740383270387,0.7585821936924365,0.658507698381366,0.6256564141035259,0.695,0.8132959205698251,0.8373333333333334,0.7906000839278221,0.6799282569704875
MLPClassifier,SMOTE,Baseline,0.5,0.8293740383270387,0.7655595869383198,0.6618357487922706,0.6401869158878505,0.685,0.8205894916702264,0.8355806872553284,0.8061267310113303,0.6755424063116371
MLPClassifier,SMOTE,Baseline,0.55,0.8293740383270387,0.7730951716438739,0.663632602399669,0.6589975349219392,0.6683333333333333,0.8288060644346178,0.8317836010143702,0.8258497691984893,0.6664450722951637
MLPClassifier,SMOTE,Baseline,0.6,0.8293740383270387,0.7758861289422272,0.6581524052788421,0.6727589208006962,0.6441666666666667,0.8332987336516504,0.8245686113393591,0.8422156945027277,0.6496890233652715
MLPClassifier,SMOTE,Baseline,0.65,0.8293740383270387,0.7786770862405805,0.6526500219010074,0.6879039704524469,0.6208333333333333,0.8375998361662912,0.818,0.8581619806966009,0.6331803501614822
MLPClassifier,SMOTE,Tuned,0.35,0.7911672961253323,0.7393245883337984,0.6252006420545746,0.6029411764705882,0.6491666666666667,0.8001711596063329,0.8162374508948058,0.7847251363827109,0.6393630991464215
MLPClassifier,SMOTE,Tuned,0.4,0.7911672961253323,0.7432319285514931,0.6204620462046204,0.6143790849673203,0.6266666666666667,0.8059890341628005,0.8100890207715133,0.8019303399076794,0.6241699867197875
MLPClassifier,SMOTE,Tuned,0.45,0.7911672961253323,0.7443483114708345,0.6105442176870748,0.6232638888888888,0.5983333333333334,0.8097216452014956,0.8017276840806252,0.8178766261015527,0.6031586021505376
MLPClassifier,SMOTE,Tuned,0.5,0.7911672961253323,0.7482556516885291,0.6085069444444444,0.634963768115942,0.5841666666666666,0.8144796380090498,0.7987091569181122,0.8308854385228703,0.5936653116531165
MLPClassifier,SMOTE,Tuned,0.55,0.7911672961253323,0.7460228858498466,0.5973451327433629,0.6367924528301887,0.5625,0.814512841418671,0.7919143876337693,0.8384389425094418,0.575938566552901
MLPClassifier,SMOTE,Tuned,0.6,0.7911672961253323,0.7465810773095172,0.5898825654923215,0.6439842209072978,0.5441666666666667,0.8166397415185783,0.7870766835344492,0.8485102811582039,0.5615755073959409
MLPClassifier,SMOTE,Tuned,0.65,0.7911672961253323,0.7471392687691878,0.5797773654916512,0.6537656903765691,0.5208333333333334,0.8191616766467066,0.7811191473163304,0.8610994544691565,0.542911744266852
Logistic Regression,UnderSampler,Baseline,0.35,0.8430343404671983,0.6558749651130338,0.6322696093050999,0.4923362749651649,0.8833333333333333,0.6766325727773407,0.9020979020979021,0.541334452370961,0.76226089457788
Logistic Regression,UnderSampler,Baseline,0.4,0.8430343404671983,0.6935528886408038,0.6544996853366898,0.5257836198179979,0.8666666666666667,0.7246740220661986,0.9003115264797508,0.6063785144775493,0.7671879610504574
Logistic Regression,UnderSampler,Baseline,0.45,0.8430343404671983,0.7301144292492325,0.6753944276602887,0.5654862282181,0.8383333333333334,0.769047050394077,0.8924611973392461,0.6756189676877885,0.7645538835689315
Logistic Regression,UnderSampler,Baseline,0.5,0.8430343404671983,0.7574658107730952,0.689087656529517,0.6037617554858934,0.8025,0.8011896591169069,0.880784708249497,0.7347880822492656,0.7529319781078968
Logistic Regression,UnderSampler,Baseline,0.55,0.8430343404671983,0.7811889478090985,0.6984615384615385,0.6485714285714286,0.7566666666666667,0.8282961016206746,0.8662391204764086,0.7935375577003777,0.7322580645161291
Logistic Regression,UnderSampler,Baseline,0.6,0.8430343404671983,0.7901200111638292,0.6945572705117791,0.6774960380348652,0.7125,0.8401360544217688,0.8513571736320551,0.82920688208141,0.7052128010557571
Logistic Regression,UnderSampler,Baseline,0.65,0.8430343404671983,0.7987719787887245,0.6909558508358337,0.7113857016769638,0.6716666666666666,0.8508172977446721,0.8391836734693877,0.8627780109106169,0.6792516433507501
Logistic Regression,UnderSampler,Tuned,0.35,0.847950937194013,0.6385710298632431,0.6240928882438317,0.47884187082405344,0.8958333333333334,0.651975275463585,0.906576980568012,0.5090222408728493,0.7629524485450674
Logistic Regression,UnderSampler,Tuned,0.4,0.847950937194013,0.6787608149595311,0.6457371498922746,0.5119570522205954,0.8741666666666666,0.7061526678580546,0.9015645371577575,0.580360889634914,0.7658052270404438
Logistic Regression,UnderSampler,Tuned,0.45,0.847950937194013,0.7178342171364778,0.6694998365478915,0.5508337816030123,0.8533333333333334,0.7538349159970782,0.8979118329466357,0.6496013428451531,0.7688842168493768
Logistic Regression,UnderSampler,Tuned,0.5,0.847950937194013,0.7605358638012838,0.6948790896159317,0.6060794044665012,0.8141666666666667,0.802939825447864,0.8868594622019279,0.7335291649181703,0.7618527760449157
Logistic Regression,UnderSampler,Tuned,0.55,0.847950937194013,0.7828635221881105,0.7012288786482335,0.6502849002849003,0.7608333333333334,0.8294607628233231,0.8682882055988986,0.7939571968107427,0.7358156028368794
Logistic Regression,UnderSampler,Tuned,0.6,0.847950937194013,0.7990510745185598,0.7063621533442088,0.6916932907348243,0.7216666666666667,0.8472634705133645,0.8567138567138567,0.8380193033990768,0.7154659616655651
Logistic Regression,UnderSampler,Tuned,0.65,0.847950937194013,0.7929109684621826,0.6782307025151778,0.7070524412296564,0.6516666666666666,0.8473251028806584,0.8312474767864352,0.8640369282417121,0.6620386048086692
LDA,UnderSampler,Baseline,0.35,0.846558259896489,0.6648060284677645,0.6385795967499248,0.4997644842204428,0.8841666666666667,0.6874837366640645,0.9047945205479452,0.5543432647922787,0.7662862920699118
LDA,UnderSampler,Baseline,0.4,0.846558259896489,0.6974602288584985,0.6576121288692356,0.529501525940997,0.8675,0.729,0.9016697588126159,0.6118338229122954,0.7692876145433047
LDA,UnderSampler,Baseline,0.45,0.846558259896489,0.7309517164387385,0.6771600803750837,0.5660694288913773,0.8425,0.769377990430622,0.8948247078464107,0.6747796894670584,0.7675372001214698
LDA,UnderSampler,Baseline,0.5,0.846558259896489,0.7594194808819426,0.6923625981441828,0.6054931335830213,0.8083333333333333,0.8024747937671861,0.883897021706209,0.7347880822492656,0.7575757575757576
LDA,UnderSampler,Baseline,0.55,0.846558259896489,0.7792352777002511,0.6979763268423063,0.6441155743481325,0.7616666666666667,0.8260391466901253,0.8678373382624769,0.7880822492656315,0.7348448303585785
LDA,UnderSampler,Baseline,0.6,0.846558259896489,0.7940273513815239,0.7014563106796117,0.6816037735849056,0.7225,0.8427780144865786,0.8559065339679792,0.8300461603021402,0.7139328063241107
LDA,UnderSampler,Baseline,0.65,0.846558259896489,0.7959810214903712,0.6864006864006864,0.7073386383731212,0.6666666666666666,0.8488107549120992,0.8368678629690048,0.8610994544691565,0.6744225257123588
LDA,UnderSampler,Tuned,0.35,0.846558259896489,0.6648060284677645,0.6385795967499248,0.4997644842204428,0.8841666666666667,0.6874837366640645,0.9047945205479452,0.5543432647922787,0.7662862920699118
LDA,UnderSampler,Tuned,0.4,0.846558259896489,0.6974602288584985,0.6576121288692356,0.529501525940997,0.8675,0.729,0.9016697588126159,0.6118338229122954,0.7692876145433047
LDA,UnderSampler,Tuned,0.45,0.846558259896489,0.7309517164387385,0.6771600803750837,0.5660694288913773,0.8425,0.769377990430622,0.8948247078464107,0.6747796894670584,0.7675372001214698
LDA,UnderSampler,Tuned,0.5,0.846558259896489,0.7594194808819426,0.6923625981441828,0.6054931335830213,0.8083333333333333,0.8024747937671861,0.883897021706209,0.7347880822492656,0.7575757575757576
LDA,UnderSampler,Tuned,0.55,0.846558259896489,0.7792352777002511,0.6979763268423063,0.6441155743481325,0.7616666666666667,0.8260391466901253,0.8678373382624769,0.7880822492656315,0.7348448303585785
LDA,UnderSampler,Tuned,0.6,0.846558259896489,0.7940273513815239,0.7014563106796117,0.6816037735849056,0.7225,0.8427780144865786,0.8559065339679792,0.8300461603021402,0.7139328063241107
LDA,UnderSampler,Tuned,0.65,0.846558259896489,0.7959810214903712,0.6864006864006864,0.7073386383731212,0.6666666666666666,0.8488107549120992,0.8368678629690048,0.8610994544691565,0.6744225257123588
Decision Tree,UnderSampler,Baseline,0.35,0.7101986291789062,0.6952274630198158,0.6197771587743732,0.5322966507177034,0.7416666666666667,0.7456916627852818,0.8377812663526949,0.6718422156945028,0.6875772558714462
Decision Tree,UnderSampler,Baseline,0.4,0.7101986291789062,0.6952274630198158,0.6197771587743732,0.5322966507177034,0.7416666666666667,0.7456916627852818,0.8377812663526949,0.6718422156945028,0.6875772558714462
Decision Tree,UnderSampler,Baseline,0.45,0.7101986291789062,0.6952274630198158,0.6197771587743732,0.5322966507177034,0.7416666666666667,0.7456916627852818,0.8377812663526949,0.6718422156945028,0.6875772558714462
Decision Tree,UnderSampler,Baseline,0.5,0.7101986291789062,0.6952274630198158,0.6197771587743732,0.5322966507177034,0.7416666666666667,0.7456916627852818,0.8377812663526949,0.6718422156945028,0.6875772558714462
Decision Tree,UnderSampler,Baseline,0.55,0.7101986291789062,0.6971811331286631,0.6210268948655256,0.534576067348166,0.7408333333333333,0.747850336974204,0.8380208333333333,0.6751993285774234,0.6877611016555779
Decision Tree,UnderSampler,Baseline,0.6,0.7101986291789062,0.6980184203181692,0.6216783216783217,0.5355421686746988,0.7408333333333333,0.7487227124941942,0.8382735309412377,0.6764582459085187,0.6880804953560371
Decision Tree,UnderSampler,Baseline,0.65,0.7101986291789062,0.6980184203181692,0.6216783216783217,0.5355421686746988,0.7408333333333333,0.7487227124941942,0.8382735309412377,0.6764582459085187,0.6880804953560371
Decision Tree,UnderSampler,Tuned,0.35,0.8224300601482724,0.7460228858498466,0.6815955213435969,0.5874547647768396,0.8116666666666666,0.7887650882079852,0.8825974025974026,0.7129668485102811,0.7541034375967792
Decision Tree,UnderSampler,Tuned,0.4,0.8224300601482724,0.7490929388780352,0.6817699115044248,0.5926153846153847,0.8025,0.7929048606311909,0.8789581205311542,0.7221989089383131,0.7494163424124514
Decision Tree,UnderSampler,Tuned,0.45,0.8224300601482724,0.7490929388780352,0.6817699115044248,0.5926153846153847,0.8025,0.7929048606311909,0.8789581205311542,0.7221989089383131,0.7494163424124514
Decision Tree,UnderSampler,Tuned,0.5,0.8224300601482724,0.7490929388780352,0.6817699115044248,0.5926153846153847,0.8025,0.7929048606311909,0.8789581205311542,0.7221989089383131,0.7494163424124514
Decision Tree,UnderSampler,Tuned,0.55,0.8224300601482724,0.7490929388780352,0.6817699115044248,0.5926153846153847,0.8025,0.7929048606311909,0.8789581205311542,0.7221989089383131,0.7494163424124514
Decision Tree,UnderSampler,Tuned,0.6,0.8224300601482724,0.7490929388780352,0.6817699115044248,0.5926153846153847,0.8025,0.7929048606311909,0.8789581205311542,0.7221989089383131,0.7494163424124514
Decision Tree,UnderSampler,Tuned,0.65,0.8224300601482724,0.7585821936924365,0.5659809332664325,0.7112232030264817,0.47,0.8327856176300019,0.7720430107526882,0.9039026437263953,0.5042016806722689
Random Forest,UnderSampler,Baseline,0.35,0.8597858092040845,0.6631314540887524,0.6385145253069782,0.4983637213651239,0.8883333333333333,0.6846093545858375,0.907202216066482,0.5497272345782627,0.7681222078109238
Random Forest,UnderSampler,Baseline,0.4,0.8597858092040845,0.6977393245883338,0.6521040796659171,0.5305802404600104,0.8458333333333333,0.7327905255366395,0.8892215568862275,0.6231640788921528,0.7559958289885297
Random Forest,UnderSampler,Baseline,0.45,0.8597858092040845,0.7295562377895618,0.6680369989722508,0.5671902268760908,0.8125,0.7718389451377443,0.8792918454935622,0.687788501888376,0.747814081914404
Random Forest,UnderSampler,Baseline,0.5,0.8597858092040845,0.7650013954786492,0.687221396731055,0.6199731903485255,0.7708333333333334,0.8118015198927134,0.8684839789574367,0.7620646244229963,0.7350603941513032
Random Forest,UnderSampler,Baseline,0.55,0.8597858092040845,0.8012838403572425,0.7122069523039612,0.6915227629513344,0.7341666666666666,0.8482523444160273,0.8618449545257687,0.8350818296265212,0.7252222588080343
Random Forest,UnderSampler,Baseline,0.6,0.8597858092040845,0.8222160200948926,0.7217125382262997,0.758494031221304,0.6883333333333334,0.8693869181874103,0.8500400962309543,0.8896349139739824,0.7013075224995755
Random Forest,UnderSampler,Baseline,0.65,0.8597858092040845,0.8339380407479765,0.7266881028938906,0.8096212896622313,0.6591666666666667,0.8807376227700942,0.843054489639294,0.921947125472094,0.684611389994807
Random Forest,UnderSampler,Tuned,0.35,0.8350496572947266,0.6357800725648898,0.6176384412540287,0.4762765476728423,0.8783333333333333,0.6522781774580336,0.8934306569343066,0.5136382710868653,0.7514615713674604
Random Forest,UnderSampler,Tuned,0.4,0.8350496572947266,0.6790399106893664,0.627831715210356,0.5132275132275133,0.8083333333333333,0.7178606476938175,0.8641464855286474,0.6139320184641208,0.7249626307922272
Random Forest,UnderSampler,Tuned,0.45,0.8350496572947266,0.7560703321239185,0.6721680420105026,0.6111869031377899,0.7466666666666667,0.8057777777777778,0.8564005668398678,0.760805707091901,0.7149696776252793
Random Forest,UnderSampler,Tuned,0.5,0.8350496572947266,0.7848171922969579,0.6838868388683886,0.6731234866828087,0.695,0.8368944362174741,0.8438566552901023,0.8300461603021402,0.6905116741182314
Random Forest,UnderSampler,Tuned,0.55,0.8350496572947266,0.8046329891152665,0.6995708154506438,0.7212389380530974,0.6791666666666667,0.8552522746071133,0.8430493273542601,0.8678136802349979,0.6871838111298483
Random Forest,UnderSampler,Tuned,0.6,0.8350496572947266,0.8130058610103266,0.6857410881801126,0.7843347639484979,0.6091666666666666,0.8669050456893127,0.8230856280648812,0.9156525388166177,0.6376482903000698
Random Forest,UnderSampler,Tuned,0.65,0.8350496572947266,0.8018420318169132,0.6290491118077325,0.8431372549019608,0.5016666666666667,0.8648134044173648,0.7915650052283025,0.9530004196391104,0.5458832063837504
AdaBoost,UnderSampler,Baseline,0.35,0.8196627150650441,0.481161038236115,0.5602081854743317,0.3911463495209779,0.9866666666666667,0.36747192922762845,0.9712230215827338,0.22660511959714646,0.7563562028874409
AdaBoost,UnderSampler,Baseline,0.4,0.8196627150650441,0.5796818308679877,0.5912052117263844,0.4384057971014493,0.9075,0.5674899483055715,0.8989990900818926,0.414603441040705,0.7475288303130149
AdaBoost,UnderSampler,Baseline,0.45,0.8196627150650441,0.6904828356126151,0.6522420821574161,0.5228758169934641,0.8666666666666667,0.7211465929092281,0.8996235884567126,0.6017624842635334,0.7659449108852555
AdaBoost,UnderSampler,Baseline,0.5,0.8196627150650441,0.7429528328216578,0.631452581032413,0.6073903002309469,0.6575,0.8026569530747804,0.8200525394045534,0.7859840537138061,0.646827348745696
AdaBoost,UnderSampler,Baseline,0.55,0.8196627150650441,0.7750488417527212,0.6226591760299626,0.7104700854700855,0.5541666666666667,0.8397614314115308,0.797884397431054,0.8862778010910617,0.5796722454672245
AdaBoost,UnderSampler,Baseline,0.6,0.8196627150650441,0.7398827797934692,0.42111801242236024,0.8268292682926829,0.2825,0.8322534197264219,0.7286479672234478,0.9702056231640789,0.3253358925143954
AdaBoost,UnderSampler,Baseline,0.65,0.8196627150650441,0.7139268769187831,0.28670842032011135,0.869198312236287,0.17166666666666666,0.8210857043113982,0.702928870292887,0.9869911875786823,0.2044867976970419
AdaBoost,UnderSampler,Tuned,0.35,0.8196627150650441,0.481161038236115,0.5602081854743317,0.3911463495209779,0.9866666666666667,0.36747192922762845,0.9712230215827338,0.22660511959714646,0.7563562028874409
AdaBoost,UnderSampler,Tuned,0.4,0.8196627150650441,0.5796818308679877,0.5912052117263844,0.4384057971014493,0.9075,0.5674899483055715,0.8989990900818926,0.414603441040705,0.7475288303130149
AdaBoost,UnderSampler,Tuned,0.45,0.8196627150650441,0.6904828356126151,0.6522420821574161,0.5228758169934641,0.8666666666666667,0.7211465929092281,0.8996235884567126,0.6017624842635334,0.7659449108852555
AdaBoost,UnderSampler,Tuned,0.5,0.8196627150650441,0.7429528328216578,0.631452581032413,0.6073903002309469,0.6575,0.8026569530747804,0.8200525394045534,0.7859840537138061,0.646827348745696
AdaBoost,UnderSampler,Tuned,0.55,0.8196627150650441,0.7750488417527212,0.6226591760299626,0.7104700854700855,0.5541666666666667,0.8397614314115308,0.797884397431054,0.8862778010910617,0.5796722454672245
AdaBoost,UnderSampler,Tuned,0.6,0.8196627150650441,0.7398827797934692,0.42111801242236024,0.8268292682926829,0.2825,0.8322534197264219,0.7286479672234478,0.9702056231640789,0.3253358925143954
AdaBoost,UnderSampler,Tuned,0.65,0.8196627150650441,0.7139268769187831,0.28670842032011135,0.869198312236287,0.17166666666666666,0.8210857043113982,0.702928870292887,0.9869911875786823,0.2044867976970419
XGBoost,UnderSampler,Baseline,0.35,0.8624952790600082,0.6564331565727044,0.6343926343926344,0.49284725426857406,0.89,0.6759673598315347,0.9067796610169492,0.5388166177087704,0.7664705038036458
XGBoost,UnderSampler,Baseline,0.4,0.8624952790600082,0.6728998046329892,0.6426829268292683,0.5067307692307692,0.8783333333333333,0.6984045290787442,0.9028609447771124,0.5694502727654217,0.7659883720930233
XGBoost,UnderSampler,Baseline,0.45,0.8624952790600082,0.6868545911247558,0.649155722326454,0.5195195195195195,0.865,0.7172379032258065,0.8977917981072555,0.5971464540495174,0.7634598411297441
XGBoost,UnderSampler,Baseline,0.5,0.8624952790600082,0.7044376221043818,0.6593760051463493,0.536930330015715,0.8541666666666666,0.7389696820310574,0.8954599761051374,0.629039026437264,0.763899239827098
XGBoost,UnderSampler,Baseline,0.55,0.8624952790600082,0.7262070890315379,0.6726726726726727,0.5609348914858097,0.84,0.7646917726073399,0.8924972004479284,0.6689047419219472,0.7639836289222374
XGBoost,UnderSampler,Baseline,0.6,0.8624952790600082,0.7382082054144572,0.6772195457673779,0.5767878077373975,0.82,0.77981220657277,0.8849227490676611,0.6970205623164079,0.756225023055641
XGBoost,UnderSampler,Baseline,0.65,0.8624952790600082,0.7574658107730952,0.6870723802664747,0.6049461001902346,0.795,0.8020050125313283,0.8773678963110668,0.7385648342425514,0.7480006272541948
XGBoost,UnderSampler,Tuned,0.35,0.8694063855084627,0.6564331565727044,0.63719422340112,0.49293205654354766,0.9008333333333334,0.6737344288364696,0.9143884892086331,0.5333613092740244,0.772915772915773
XGBoost,UnderSampler,Tuned,0.4,0.8694063855084627,0.7102986324309238,0.6668806161745828,0.5422755741127349,0.8658333333333333,0.7437037037037038,0.9034193161367726,0.6319765002098195,0.7735259082787374
XGBoost,UnderSampler,Tuned,0.45,0.8694063855084627,0.7524420876360591,0.691692735488356,0.5933214072748957,0.8291666666666667,0.7931918862205642,0.8924449108079748,0.7138061267310113,0.7681025165971901
XGBoost,UnderSampler,Tuned,0.5,0.8694063855084627,0.7730951716438739,0.6928598413298074,0.6337249481686248,0.7641666666666667,0.8200929409161319,0.8675093632958801,0.7775912715065044,0.7339522971026092
XGBoost,UnderSampler,Tuned,0.55,0.8694063855084627,0.7948646385710298,0.7072879330943848,0.6773455377574371,0.74,0.8421052631578947,0.8626760563380281,0.8224926563155686,0.7265586647029946
XGBoost,UnderSampler,Tuned,0.6,0.8694063855084627,0.8015629360870778,0.7031315240083508,0.704602510460251,0.7016666666666667,0.8509746384405785,0.8500837520938024,0.8518673940411247,0.7022518765638032
XGBoost,UnderSampler,Tuned,0.65,0.8694063855084627,0.8185877756070332,0.7079964061096137,0.7680311890838206,0.6566666666666666,0.868421052631579,0.83887368009386,0.9001258917331095,0.6762787504291109
LightGBM,UnderSampler,Baseline,0.35,0.8742806686249824,0.6656433156572704,0.637409200968523,0.5004752851711026,0.8775,0.6897980321077162,0.9006085192697769,0.5589592950062946,0.7626013904982619
LightGBM,UnderSampler,Baseline,0.4,0.8742806686249824,0.6773653363103544,0.6405472636815921,0.5109126984126984,0.8583333333333333,0.7073417721518988,0.8915124441608169,0.5862358371800251,0.755575117370892
LightGBM,UnderSampler,Baseline,0.45,0.8742806686249824,0.6890873569634385,0.6467977171845276,0.5220061412487206,0.85,0.7223330009970089,0.8895027624309392,0.6080570709190096,0.7551080840983121
LightGBM,UnderSampler,Baseline,0.5,0.8742806686249824,0.7055540050237231,0.6562398175301402,0.5387907972177635,0.8391666666666666,0.7424945081767147,0.8873978996499416,0.6382710868652959,0.7549857549857549
LightGBM,UnderSampler,Baseline,0.55,0.8742806686249824,0.7278816634105498,0.669155072955548,0.5643961076130509,0.8216666666666667,0.7689025835506044,0.883442265795207,0.6806546370121695,0.7530166488468001
LightGBM,UnderSampler,Baseline,0.6,0.8742806686249824,0.7463019815796819,0.6795911173775114,0.5888821014050092,0.8033333333333333,0.7900207900207901,0.8787255909558068,0.7175828787242972,0.748796022992077
LightGBM,UnderSampler,Baseline,0.65,0.8742806686249824,0.7605358638012838,0.6882267441860465,0.6101804123711341,0.7891666666666667,0.805618486633439,0.8754308222550468,0.746118338229123,0.7454345088161209
LightGBM,UnderSampler,Tuned,0.35,0.8795382221289691,0.5821936924365058,0.6104605776736924,0.4438138479001135,0.9775,0.5495034607282576,0.9712765957446808,0.3831305077633235,0.7879887142281338
LightGBM,UnderSampler,Tuned,0.4,0.8795382221289691,0.6421992743511025,0.6349658314350797,0.48226643598615915,0.9291666666666667,0.6491516146688561,0.9331235247836349,0.49769198489299205,0.7838863892013498
LightGBM,UnderSampler,Tuned,0.45,0.8795382221289691,0.7306726207089032,0.6718803128187691,0.5674899483055715,0.8233333333333334,0.7715976331360946,0.8849077090119435,0.6840117498950902,0.7552362024155328
LightGBM,UnderSampler,Tuned,0.5,0.8795382221289691,0.8015629360870778,0.7212857702861623,0.6809770540340488,0.7666666666666667,0.8459371614301192,0.8745519713261649,0.8191355434326479,0.7478458787189075
LightGBM,UnderSampler,Tuned,0.55,0.8795382221289691,0.8219369243650572,0.7310286677908938,0.7397610921501706,0.7225,0.8669169795577806,0.8618830360846121,0.8720100713386487,0.7258874748827864
LightGBM,UnderSampler,Tuned,0.6,0.8795382221289691,0.8367289980463299,0.7282861124013005,0.8226652675760755,0.6533333333333333,0.8833034111310593,0.8418250950570342,0.9290809903483005,0.6813836259342951
LightGBM,UnderSampler,Tuned,0.65,0.8795382221289691,0.8188668713368685,0.6571579503433703,0.8975468975468975,0.5183333333333333,0.8769201593021051,0.8,0.9702056231640789,0.5661751319861642
CatBoost,UnderSampler,Baseline,0.35,0.8731710728773255,0.6717834217136478,0.6472705458908218,0.5056232427366448,0.8991666666666667,0.6931106471816284,0.9164941338854382,0.5572807385648343,0.7780501874819729
CatBoost,UnderSampler,Baseline,0.4,0.8731710728773255,0.6896455484231091,0.6561533704390847,0.5216322517207473,0.8841666666666667,0.7171922685656155,0.9102646868947708,0.5916911456147713,0.7762657301726661
CatBoost,UnderSampler,Baseline,0.45,0.8731710728773255,0.7024839519955345,0.6574550128534704,0.5350418410041841,0.8525,0.7370498273310311,0.8940754039497307,0.6269408308854385,0.7620679380214541
CatBoost,UnderSampler,Baseline,0.5,0.8731710728773255,0.7192296957856544,0.6651131824234354,0.5537694013303769,0.8325,0.7582892839980778,0.8870151770657673,0.6621905161561058,0.7563597819503332
CatBoost,UnderSampler,Baseline,0.55,0.8731710728773255,0.7359754395757745,0.6737931034482758,0.5747058823529412,0.8141666666666667,0.7782466010314112,0.8815719596388741,0.6966009232060428,0.7515384615384615
CatBoost,UnderSampler,Baseline,0.6,0.8731710728773255,0.7513257047167178,0.6796116504854369,0.5977229601518027,0.7875,0.7968072976054732,0.8726273726273727,0.7331095258078053,0.7404795486600846
CatBoost,UnderSampler,Baseline,0.65,0.8731710728773255,0.7691878314261792,0.6899137607799025,0.6271301976823449,0.7666666666666667,0.8161813736385863,0.8676748582230623,0.7704574066302979,0.7340035104515718
CatBoost,UnderSampler,Tuned,0.35,0.8541892222688487,0.6159642757465811,0.6149972020145495,0.4629317607413648,0.9158333333333334,0.6169265033407573,0.9164598842018197,0.4649601342845153,0.7659604126010594
CatBoost,UnderSampler,Tuned,0.4,0.8541892222688487,0.6765280491208484,0.6443694384780607,0.5099562894609033,0.875,0.7033529562324033,0.9015748031496063,0.5765841376416282,0.7654176993730865
CatBoost,UnderSampler,Tuned,0.45,0.8541892222688487,0.7211833658945018,0.6682165393556958,0.5554942020982883,0.8383333333333334,0.7595667870036101,0.8905191873589164,0.6621905161561058,0.7608531235819089
CatBoost,UnderSampler,Tuned,0.5,0.8541892222688487,0.7912363940831705,0.7041139240506329,0.6701807228915663,0.7416666666666667,0.838723587753342,0.8625277161862528,0.8161980696600923,0.7261749347258486
CatBoost,UnderSampler,Tuned,0.55,0.8541892222688487,0.8210996371755512,0.7182417582417583,0.76,0.6808333333333333,0.8689429564506236,0.8472886762360446,0.8917331095258078,0.6953191489361702
CatBoost,UnderSampler,Tuned,0.6,0.8541892222688487,0.8096567122523025,0.6572864321608041,0.8278481012658228,0.545,0.8682380216383307,0.8045112781954887,0.9429290809903483,0.5849731663685152
CatBoost,UnderSampler,Tuned,0.65,0.8541892222688487,0.7750488417527212,0.5456595264937993,0.8432055749128919,0.4033333333333333,0.8505192878338279,0.7620471917580591,0.9622324800671422,0.4503163379233346
MLPClassifier,UnderSampler,Baseline,0.35,0.8271317666806547,0.7289980463298912,0.6586994727592267,0.5696048632218845,0.7808333333333334,0.7752834991900023,0.8642930856553147,0.702895509861519,0.7269200930954228
MLPClassifier,UnderSampler,Baseline,0.4,0.8271317666806547,0.7345799609265978,0.6476472767691738,0.5830553702468312,0.7283333333333334,0.7871054398925453,0.8435700575815739,0.7377255560218212,0.6937609144308621
MLPClassifier,UnderSampler,Baseline,0.45,0.8271317666806547,0.7449065029305052,0.6532625189681336,0.5995821727019499,0.7175,0.798233995584989,0.8421052631578947,0.7587075115400755,0.6903463758819757
MLPClassifier,UnderSampler,Baseline,0.5,0.8271317666806547,0.7543957577449065,0.6573208722741433,0.6169590643274854,0.7033333333333334,0.8086124401913876,0.8392776523702031,0.7801091061686949,0.6841763942931258
MLPClassifier,UnderSampler,Baseline,0.55,0.8271317666806547,0.7630477253698018,0.6580749093838099,0.6367887763055339,0.6808333333333333,0.8187059577194107,0.8334782608695652,0.80444817456987,0.6715436462271905
MLPClassifier,UnderSampler,Baseline,0.6,0.8271317666806547,0.7697460228858498,0.6586677699627638,0.6540673788003287,0.6633333333333333,0.8262792166771952,0.8292476754015216,0.8233319345362988,0.661459198936347
MLPClassifier,UnderSampler,Baseline,0.65,0.8271317666806547,0.7744906502930505,0.6564625850340136,0.6701388888888888,0.6433333333333333,0.8321562110511009,0.8239407651172357,0.8405371380612673,0.6485215053763441
MLPClassifier,UnderSampler,Tuned,0.35,0.8453507483564136,0.7298353335193971,0.6725304465493911,0.5660592255125285,0.8283333333333334,0.7700712589073634,0.8872468527640941,0.6802349979018044,0.7580841976815131
MLPClassifier,UnderSampler,Tuned,0.4,0.8453507483564136,0.7407200669829752,0.6766446223459798,0.5809922295277944,0.81,0.7836012112741673,0.8806282722513089,0.7058329836340747,0.7508110613316855
MLPClassifier,UnderSampler,Tuned,0.45,0.8453507483564136,0.7482556516885291,0.6724763979665941,0.5958815958815958,0.7716666666666666,0.7955575702629193,0.8649581074420897,0.7364666386907259,0.7286748504878816
MLPClassifier,UnderSampler,Tuned,0.5,0.8453507483564136,0.7655595869383198,0.6834966088922382,0.6237964236588721,0.7558333333333334,0.8138297872340425,0.8623767026773133,0.7704574066302979,0.7251359130156699
MLPClassifier,UnderSampler,Tuned,0.55,0.8453507483564136,0.7786770862405805,0.6903553299492385,0.6495224099926524,0.7366666666666667,0.8277958740499457,0.8577857785778578,0.7998321443558539,0.7174160038954716
MLPClassifier,UnderSampler,Tuned,0.6,0.8453507483564136,0.7859335752162991,0.6868109432421396,0.6733386709367494,0.7008333333333333,0.8373966504133984,0.8461868037703514,0.8287872429710449,0.6951562241692841
MLPClassifier,UnderSampler,Tuned,0.65,0.8453507483564136,0.7912363940831705,0.6797945205479452,0.698943661971831,0.6616666666666666,0.8451345755693582,0.8340825500612995,0.8564834242551406,0.668800539083558
